mean_loss,epsilon
0.459418709115,0.999991696
0.300894754718,0.999980224
0.277035582092,0.999968752
0.265222356147,0.99995728
0.246679346972,0.99994696
0.211706996637,0.999935488
0.215206716853,0.999924016
0.286341373024,0.999921904
0.242678681521,0.999910432
0.258029090316,0.99989896
0.303418030801,0.999887488
0.190794402709,0.999876016
0.259535387756,0.999864544
0.258413346486,0.999853072
0.227399591654,0.9998416
0.249026988851,0.999830128
0.227550619115,0.999818656
0.224609766276,0.999807184
0.228174153313,0.999795712
0.182777017051,0.99978424
0.222662883481,0.999772768
0.230531445277,0.999761296
0.213399135388,0.999753856
0.213534018516,0.999742384
0.222575583202,0.999732592
0.274072975406,0.99972112
0.196669509652,0.999709648
0.231292399037,0.999698176
0.262428064375,0.99968824
0.241125648496,0.999676768
0.189294980066,0.999665296
0.186989426065,0.999653824
0.260357285591,0.999642352
0.208206951771,0.99963088
0.212276914298,0.999619408
0.173594274028,0.999608512
0.218221519533,0.99959704
0.191024608647,0.999585568
0.210686617071,0.999574096
0.151498967403,0.999562624
0.206360396246,0.999551152
0.165592868865,0.99953968
0.210014374927,0.999528208
0.185320353818,0.999516736
0.162983480393,0.999505264
0.206077931659,0.999493792
0.171975675151,0.99948232
0.192207953011,0.999470848
0.199407317827,0.99946
0.142540706635,0.999454096
0.266588435281,0.999451744
0.174529146149,0.999441184
0.164521370887,0.9994384
0.226803276713,0.999431776
0.211766430778,0.999420304
0.178069463545,0.999408832
0.145500537858,0.99939736
0.154577069512,0.999385888
0.2292117275,0.999374416
0.136841909069,0.999362944
0.207721966555,0.999351472
0.163548651285,0.99934
0.173544751091,0.999328912
0.158123115647,0.99931744
0.145550955975,0.999305968
0.19362807281,0.999294496
0.181442488562,0.999283024
0.236467787281,0.999271552
0.176855303751,0.99926008
0.283629187407,0.999249472
0.188857686023,0.999238
0.211111831597,0.999226528
0.25464875098,0.999220912
0.209441488756,0.99920944
0.129426480194,0.999197968
0.236983962298,0.999193456
0.150659719451,0.999181984
0.209378849047,0.999170512
0.218430936454,0.99915904
0.179500940831,0.999147568
0.19617694125,0.999136096
0.197028546577,0.999124624
0.169053299785,0.999113152
0.175324552385,0.99910168
0.183148744121,0.999094768
0.228229698727,0.999088624
0.130244760629,0.999077152
0.19120611254,0.99906568
0.176717426545,0.999054208
0.129320552258,0.999045280001
0.239868372787,0.999033808001
0.147688219938,0.999031360001
0.251315860025,0.999019888001
0.201245397264,0.999008416001
0.192309580056,0.998996944001
0.14026705787,0.998985472001
0.173076254041,0.998979904001
0.161534716001,0.998968432001
0.197996565643,0.998964160001
0.226100912939,0.998952688001
0.154542019074,0.998941216001
0.135290317954,0.998937184001
0.203094530113,0.998925712001
0.179639672606,0.998914240001
0.164167776956,0.998905408001
0.179640320381,0.998893936001
0.239559139999,0.998882464001
0.174256907341,0.998870992001
0.204862178541,0.998859520001
0.207618971894,0.998848048001
0.223488915877,0.998836576001
0.124569233948,0.998825104001
0.238519666748,0.998813632001
0.177446758878,0.998806960001
0.172174139714,0.998795488001
0.211706069338,0.998784016001
0.213440374628,0.998772544001
0.195637888511,0.998761072001
0.185916340034,0.998749600001
0.198319921751,0.998738128001
0.31242820389,0.998734144001
0.188637343267,0.998722672001
0.194638158714,0.998712496001
0.262369286123,0.998704864001
0.163012892104,0.998693392001
0.17385415902,0.998681920001
0.172928152158,0.998670448001
0.158836916344,0.998666272001
0.198164910551,0.998654800001
0.196068115153,0.998650528001
0.14172079929,0.998639056001
0.198281123623,0.998627584001
0.189490945547,0.998617792001
0.224595197366,0.998606320001
0.152592043005,0.998594848001
0.161981546366,0.998583376001
0.272853662682,0.998577568001
0.197366309412,0.998566096001
0.203200898824,0.998554624001
0.200262874814,0.998543152001
0.187991955853,0.998531680001
0.220863653632,0.998520208001
0.19625721567,0.998508736001
0.165572194875,0.998497264001
0.191771116427,0.998485792001
0.16292966578,0.998474320001
0.166072489971,0.998462848001
0.236630886022,0.998451376001
0.173684643033,0.998439904001
0.177774485445,0.998428432001
0.24081380195,0.998416960001
0.15514063664,0.998405488001
0.200251191461,0.998394016001
0.223680389844,0.998382544001
0.14373656391,0.998371072001
0.222997938869,0.998363296001
0.141656219373,0.998358064001
0.16929625287,0.998346592001
0.211284488567,0.998335120001
0.226727201542,0.998323648001
0.168807913409,0.998312176001
0.17800636871,0.998300704001
0.352661128089,0.998294704001
0.209609418373,0.998283232001
0.17908035132,0.998271760001
0.175385755595,0.998260288001
0.144238135226,0.998257024001
0.216311267022,0.998245552001
0.139805820379,0.998234080001
0.180069042081,0.998222608001
0.20006496493,0.998211136001
0.12804045305,0.998199664001
0.145354652203,0.998188192001
0.163799233467,0.998176720001
0.196021373271,0.998165248001
0.104435716119,0.998153776001
0.180188843254,0.998142304001
0.167282296698,0.998130832001
0.197830217897,0.998119360001
0.188459587912,0.998107888001
0.163905175935,0.998096416001
0.195995971415,0.998084944001
0.219318039796,0.998073472001
0.203002557427,0.998065696001
0.190526618554,0.998054224001
0.148123049515,0.998042752001
0.196829056996,0.998031280001
0.172669339827,0.998019808001
0.167872437444,0.998008336001
0.212588665039,0.997996864001
0.216260780939,0.997985392001
0.203122952688,0.997973920001
0.148507795282,0.997962448001
0.171751533769,0.997951024001
0.117647518995,0.997939552001
0.22664483356,0.997928080001
0.223721946255,0.997916608001
0.187315203883,0.997905136001
0.218933470783,0.997893664001
0.230287052368,0.997882192001
0.223853710262,0.997870720001
0.211431147239,0.997859248001
0.15581386198,0.997847776001
0.190908741951,0.997836304001
0.109797021251,0.997824832001
0.241795362819,0.997822432001
0.141814968694,0.997816720001
0.16038181287,0.997805248001
0.163409666024,0.997793776001
0.178987905653,0.997782304001
0.221280830661,0.997771072001
0.167798081256,0.997759600001
0.168394336609,0.997748128001
0.181110445906,0.997738384001
0.155437476701,0.997731760001
0.20073366812,0.997720288001
0.22947016401,0.997708816001
0.148222082543,0.997700752001
0.173125425966,0.997691488001
0.232667582971,0.997684288001
0.150074324217,0.997672816001
0.156654888713,0.997661344001
0.17720529602,0.997654720001
0.2042439499,0.997648768001
0.20987041451,0.997637296001
0.211332541093,0.997625824001
0.182478553522,0.997614352001
0.244352783621,0.997604032001
0.18728608832,0.997592560001
0.167407760013,0.997581088001
0.279044887117,0.997577344001
0.173610115692,0.997565872001
0.199218815368,0.997554400001
0.218875652318,0.997542928001
0.214285338165,0.997531456001
0.165560556151,0.997526560001
0.205088789348,0.997515088001
0.22722925716,0.997503616001
0.205527620148,0.997492144001
0.201742189567,0.997480672001
0.189199074928,0.997469200001
0.227022928231,0.997457728001
0.158499952348,0.997446256001
0.14419541752,0.997434784001
0.137092755312,0.997423312001
0.224300257329,0.997411840001
0.233549984187,0.997400368001
0.155074230816,0.997388896001
0.274802976431,0.997387360001
0.207801685687,0.997375888001
0.191434532553,0.997364416001
0.209523805355,0.997352944001
0.198615208514,0.997341472001
0.152204702648,0.997330000001
0.161889756678,0.997318528001
0.199670499902,0.997307056001
0.225678043702,0.997295584001
0.186003597046,0.997284112001
0.131973470303,0.997272640001
0.130813240224,0.997261168001
0.187195612143,0.997249696001
0.170204498296,0.997238224001
0.165111469903,0.997226752001
0.198876829342,0.997215280001
0.177342005474,0.997203808001
0.223778767019,0.997192336001
0.170857796764,0.997180864001
0.160305597975,0.997169392001
0.141965016191,0.997163344001
0.190186155832,0.997151872001
0.142810142805,0.997140400002
0.178881344449,0.997128928002
0.18062407561,0.997117456002
0.180636072959,0.997105984002
0.161003344845,0.997094512002
0.306403033589,0.997085584002
0.203281492965,0.997074112002
0.161305752735,0.997062640002
0.167102477521,0.997051168002
0.120595878381,0.997044064002
0.179365414813,0.997032592002
0.205180185901,0.997021120002
0.215960244361,0.997015936002
0.167167336526,0.997004464002
0.181457930488,0.996992992002
0.134030615773,0.996981520002
0.175223987712,0.996970048002
0.144936438012,0.996958576002
0.158118295831,0.996957952002
0.197511620618,0.996946480002
0.190148264597,0.996935008002
0.153557261024,0.996923536002
0.180184895309,0.996912064002
0.152766017746,0.996900592002
0.195114118179,0.996889120002
0.182099589304,0.996877648002
0.211231296353,0.996866176002
0.161994898525,0.996854704002
0.180094075359,0.996843232002
0.116499067722,0.996831760002
0.204981998695,0.996820288002
0.24411936783,0.996808816002
0.186922042059,0.996797344002
0.129018832588,0.996785872002
0.205075054683,0.996774400002
0.177678505696,0.996762928002
0.180063572728,0.996751456002
0.121258995618,0.996744256002
0.169505135096,0.996732784002
0.192496593206,0.996721312002
0.144237224774,0.996709840002
0.197257465039,0.996698368002
0.15841160651,0.996686896002
0.22100550856,0.996675424002
0.203273040122,0.996663952002
0.189692668004,0.996652480002
0.206315061759,0.996641008002
0.185309053011,0.996629536002
0.147556108906,0.996618064002
0.16664377384,0.996606592002
0.140625536837,0.996595120002
0.152530649752,0.996583648002
0.226930667383,0.996572176002
0.258809561984,0.996560704002
0.187816593831,0.996549232002
0.186431038065,0.996537760002
0.20315820934,0.996526288002
0.148477171818,0.996514816002
0.236220757708,0.996508960002
0.19054311608,0.996497488002
0.156452146021,0.996487648002
0.161885843408,0.996479488002
0.176485367455,0.996475360002
0.22752285632,0.996463888002
0.194094220702,0.996452416002
0.162097152145,0.996440944002
0.28158546892,0.996436624002
0.23637376614,0.996425152002
0.205880527637,0.996413680002
0.164115218574,0.996402208002
0.200250054015,0.996390736002
0.207813278084,0.996379264002
0.106028291638,0.996378448002
0.253771256142,0.996366976002
0.11916254635,0.996357136002
0.156916454254,0.996352384002
0.166389708463,0.996340912002
0.177927306246,0.996329440002
0.166241281592,0.996317968002
0.198607224744,0.996306496002
0.177867137664,0.996295024002
0.243590483736,0.996288352002
0.176208470216,0.996279184002
0.124734919334,0.996267712002
0.156360132344,0.996256240002
0.187342317265,0.996244768002
0.198272687064,0.996233296002
0.153688658982,0.996221824002
0.176283801351,0.996210832002
0.0714414584854,0.996210688002
0.20093581228,0.996199216002
0.13096338716,0.996187744002
0.257611983132,0.996176272002
0.165360342807,0.996167248002
0.203813558972,0.996155776002
0.19032804669,0.996144304002
0.170300624336,0.996132832002
0.248560836671,0.996121360002
0.227667804706,0.996117088002
0.207599847814,0.996105616002
0.240215918503,0.996094144002
0.144140374831,0.996082672002
0.127019068291,0.996071200002
0.126053088829,0.996059728002
0.137433295866,0.996053344002
0.190676346643,0.996041872002
0.216960899192,0.996030400002
0.184522867977,0.996018928002
0.213794710286,0.996007456002
0.185124803143,0.995995984002
0.180792360669,0.995984512002
0.188765202691,0.995974672002
0.225944037026,0.995963200002
0.19276805588,0.995951728002
0.157972576903,0.995940256002
0.216126682398,0.995928784002
0.246536611332,0.995917312002
0.165037475709,0.995912416002
0.149069542706,0.995900944002
0.199225383967,0.995889472002
0.169031672883,0.995878000002
0.200997960575,0.995869504002
0.168105686822,0.995858032002
0.204724085077,0.995846560002
0.129462353479,0.995835088002
0.155205212172,0.995823616002
0.131862514171,0.995812144002
0.223458759308,0.995800672002
0.180099573652,0.995789200002
0.178294819649,0.995777728002
0.20016569508,0.995766256002
0.140135512997,0.995761888002
0.154363338707,0.995750416002
0.17648581058,0.995738944002
0.138444657193,0.995734672002
0.187581239246,0.995723200002
0.215855878343,0.995719840002
0.159143159344,0.995708368002
0.186861468637,0.995696896002
0.188620125756,0.995685424002
0.210819300341,0.995673952002
0.172597132538,0.995662480002
0.167842087844,0.995651008002
0.167481502963,0.995639536002
0.198083499105,0.995628064002
0.157157914678,0.995616592002
0.170331860661,0.995605120002
0.140664394255,0.995593648002
0.17474664984,0.995582176002
0.12630119487,0.995570704002
0.156390586741,0.995559232002
0.124326908222,0.995554096002
0.184012665538,0.995542624002
0.154747851912,0.995531152002
0.226420069246,0.995519680002
0.184945284518,0.995508208002
0.14168598516,0.995496736002
0.260668512778,0.995489824002
0.153472743022,0.995478352002
0.18003278212,0.995471200002
0.215572012164,0.995459728002
0.162312111859,0.995448256002
0.200949605682,0.995436784002
0.176945652381,0.995425312002
0.1482134449,0.995413840002
0.199950564735,0.995402368002
0.187626128714,0.995390896002
0.215789935226,0.995379424002
0.188646463912,0.995367952002
0.152935963266,0.995356480002
0.181532523683,0.995345008002
0.177786035706,0.995333536002
0.201068566981,0.995322064002
0.185915287887,0.995310592002
0.153330641611,0.995299120002
0.130243458483,0.995296144002
0.110472891244,0.995284672002
0.178666935098,0.995273200002
0.159507345851,0.995261728002
0.155785052874,0.995250256003
0.206058675874,0.995238784003
0.252115285121,0.995231680003
0.140406293669,0.995220208003
0.193061965839,0.995208736003
0.190482542198,0.995197264003
0.191195723204,0.995189248003
0.14513213518,0.995177776003
0.185014141592,0.995166304003
0.144393663213,0.995154832003
0.273348084689,0.995143360003
0.153633050671,0.995131888003
0.156849970377,0.995120416003
0.252737506057,0.995108944003
0.251491622257,0.995105104003
0.190475247155,0.995093632003
0.145881179149,0.995082160003
0.172885785755,0.995070688003
0.225583041325,0.995063488003
0.154115457262,0.995052016003
0.197844715098,0.995040544003
0.133969964384,0.995029072003
0.248739393923,0.995017600003
0.177983936535,0.995006128003
0.183537661112,0.994994656003
0.200115810258,0.994983184003
0.230145526086,0.994971712003
0.147597904194,0.994960240003
0.198405175927,0.994948768003
0.137589035299,0.994937296003
0.185666350618,0.994925824003
0.148629536359,0.994914352003
0.217313115027,0.994902880003
0.197678005519,0.994891408003
0.212747610657,0.994879936003
0.209418329448,0.994868464003
0.161237803553,0.994856992003
0.146709885538,0.994845520003
0.228572516414,0.994843984003
0.165830765364,0.994832512003
0.172364474283,0.994821040003
0.154829772239,0.994809568003
0.145482761031,0.994806544003
0.181165850644,0.994795072003
0.174609485494,0.994783600003
0.182386562251,0.994772128003
0.199127189432,0.994760656003
0.250927168908,0.994749184003
0.208169289688,0.994737712003
0.221075559267,0.994726240003
0.184996996877,0.994714768003
0.150751827556,0.994703296003
0.142520603431,0.994691824003
0.206213242444,0.994680352003
0.231174868682,0.994668880003
0.25152673857,0.994657408003
0.18445089301,0.994645936003
0.165065878595,0.994634464003
0.140768039956,0.994622992003
0.166481549297,0.994611520003
0.166071694703,0.994600048003
0.156790926547,0.994588576003
0.182339870242,0.994586368003
0.217579143564,0.994575424003
0.0968794764857,0.994563952003
0.147037145352,0.994552480003
0.220905762595,0.994541008003
0.207598628968,0.994529536003
0.208039632054,0.994518064003
0.183061476051,0.994506592003
0.0730175556672,0.994504720003
0.118392031159,0.994493248003
0.17957188081,0.994481776003
0.188662440838,0.994470304003
0.207056954798,0.994458832003
0.214272440779,0.994447360003
0.165397792402,0.994435888003
0.209423852559,0.994424416003
0.205441748369,0.994412944003
0.195142850055,0.994401472003
0.218202996399,0.994390000003
0.164441278326,0.994378528003
0.17202725744,0.994367056003
0.147982357795,0.994355584003
0.223422054168,0.994344112003
0.179420465741,0.994332640003
0.170960329123,0.994321168003
0.181774604946,0.994309696003
0.143967216468,0.994298224003
0.227372534355,0.994286752003
0.181000523533,0.994275280003
0.190427431497,0.994263808003
0.213882651442,0.994252336003
0.186935014153,0.994240864003
0.175909147885,0.994229392003
0.16409473726,0.994222384003
0.235796493744,0.994215520003
0.231413720832,0.994204048003
0.143312629286,0.994193296003
0.171297236045,0.994181824003
0.188893664853,0.994170352003
0.208074062267,0.994158880003
0.282503479496,0.994147408003
0.146860485835,0.994135936003
0.147945427644,0.994131424003
0.167929191811,0.994119952003
0.15799462508,0.994108480003
0.19031646047,0.994101328003
0.244498596305,0.994089856003
0.229791204677,0.994078384003
0.182548721943,0.994066912003
0.13536696236,0.994055440003
0.199506809957,0.994043968003
0.229693037723,0.994032496003
0.260339143659,0.994021024003
0.159571272945,0.994009552003
0.190509880197,0.993998080003
0.19291453281,0.993988096003
0.188480934696,0.993976624003
0.218214822977,0.993965152003
0.242788225194,0.993959584003
0.166148464595,0.993948112003
0.211305104857,0.993936640003
0.221304247722,0.993925408003
0.24078436949,0.993922288003
0.153671992443,0.993913024003
0.211707452469,0.993901552003
0.206885435902,0.993893536003
0.154200860162,0.993882064003
0.20221437835,0.993870592003
0.235142037981,0.993859120003
0.155101790138,0.993853552003
0.136572185374,0.993849904003
0.151938995961,0.993838432003
0.193204965885,0.993826960003
0.170335468078,0.993815488003
0.170107986221,0.993804016003
0.192005021776,0.993792544003
0.144660927178,0.993781072003
0.191353198843,0.993769600003
0.176721386185,0.993758128003
0.172914780709,0.993746656003
0.197002712585,0.993735184003
0.240274202459,0.993723712003
0.185679157002,0.993712240003
0.187315495969,0.993700768003
0.181758997121,0.993689296003
0.167072717039,0.993677824003
0.192493458871,0.993666352003
0.146113240649,0.993654880003
0.184258586095,0.993643408003
0.153376755809,0.993631936003
0.172811059162,0.993622672003
0.19409699321,0.993611200003
0.167931233692,0.993603952003
0.114721963727,0.993598432003
0.164719691796,0.993588496003
0.132749251691,0.993584608003
0.231009265222,0.993573136003
0.15492584976,0.993570016003
0.19118337735,0.993558544003
0.185964265078,0.993547072003
0.183600724683,0.993535600003
0.12416346742,0.993528256003
0.136929417511,0.993518608003
0.228128796906,0.993507136003
0.208519381905,0.993495664003
0.174501880776,0.993484192003
0.167061817511,0.993472720003
0.188173566707,0.993461248003
0.173588952788,0.993450448003
0.171649812451,0.993438976003
0.210224902799,0.993427504003
0.238673008732,0.993416032003
0.136859879794,0.993404560003
0.239632727795,0.993397936003
0.204944128264,0.993386464003
0.214896614097,0.993374992003
0.221453115406,0.993363520003
0.147520847685,0.993352048003
0.221582055721,0.993340576004
0.142247650534,0.993329104004
0.179011316275,0.993317632004
0.245944635483,0.993306160004
0.148494689776,0.993294688004
0.165197487788,0.993283216004
0.185879284937,0.993271744004
0.157295639334,0.993260272004
0.234752031493,0.993248800004
0.217899344834,0.993237328004
0.214414627879,0.993225856004
0.203191572914,0.993214384004
0.190627335139,0.993202912004
0.156642255384,0.993191440004
0.222073067135,0.993180304004
0.199681040449,0.993168832004
0.20316305672,0.993157360004
0.192993206855,0.993145888004
0.102946546958,0.993134416004
0.161492145315,0.993122944004
0.178286573946,0.993111472004
0.188269647621,0.993100000004
0.166205430634,0.993088528004
0.166070372478,0.993077056004
0.256311860826,0.993065584004
0.221320697259,0.993054112004
0.192554706894,0.993042640004
0.186245131039,0.993031168004
0.192335495431,0.993019696004
0.210836779439,0.993008224004
0.189066154682,0.992996752004
0.209738496844,0.992985280004
0.225452577032,0.992973808004
0.232186095887,0.992963296004
0.185775879486,0.992951824004
0.182606005456,0.992944912004
0.184978397486,0.992933440004
0.124825836435,0.992921968004
0.161556303276,0.992910496004
0.228528616581,0.992899024004
0.16860347645,0.992887552004
0.182013425758,0.992876080004
0.198018310271,0.992864608004
0.185405900436,0.992853136004
0.333616624268,0.992850592004
0.190596217081,0.992839120004
0.183854037127,0.992827648004
0.194611602519,0.992816176004
0.155401030138,0.992804704004
0.222115241395,0.992793232004
0.172553496419,0.992781760004
0.203197674385,0.992770288004
0.198328840693,0.992758816004
0.214952683633,0.992754064004
0.196612380862,0.992752528004
0.166323419517,0.992741056004
0.210553254026,0.992729584004
0.214763851671,0.992718112004
0.152874328313,0.992706640004
0.159602778648,0.992695168004
0.165462928144,0.992683696004
0.191369822556,0.992672224004
0.109552778761,0.992660752004
0.187307366068,0.992649280004
0.171946079071,0.992643232004
0.168943733347,0.992631760004
0.191866735473,0.992620288004
0.223644049358,0.992608816004
0.161545325896,0.992597344004
0.190672186788,0.992585872004
0.161118364535,0.992574400004
0.159361350467,0.992562928004
0.170688875333,0.992555536004
0.177398391462,0.992544064004
0.185331238457,0.992536048004
0.209316394121,0.992524576004
0.215082430275,0.992513104004
0.221590235199,0.992501632004
0.1781053698,0.992490160004
0.0852064798793,0.992490112004
0.131033444254,0.992478640004
0.208099967885,0.992467168004
0.196917867987,0.992455696004
0.235406020789,0.992444224004
0.185247960118,0.992432752004
0.152629902184,0.992421280004
0.190063344468,0.992409808004
0.17612487319,0.992398336004
0.252991911115,0.992386864004
0.197809639276,0.992375392004
0.153668873928,0.992363920004
0.19309897872,0.992363008004
0.173267987939,0.992351536004
0.197834648269,0.992340064004
0.210113134269,0.992329696004
0.22943035876,0.992322544004
0.211064668078,0.992311072004
0.186144902737,0.992302624004
0.210211569791,0.992291152004
0.196377397227,0.992279680004
0.188091230103,0.992268208004
0.186059479255,0.992256736004
0.241305040435,0.992245264004
0.179844162765,0.992233792004
0.213043691139,0.992222320004
0.178280081392,0.992213968004
0.212901043553,0.992205568004
0.185435401615,0.992194096004
0.200989178786,0.992182624004
0.180140806694,0.992171152004
0.151593339936,0.992159680004
0.190979717922,0.992148208004
0.169360030203,0.992143600004
0.161753289586,0.992132128004
0.182333207276,0.992120656004
0.1872927573,0.992109184004
0.238578347554,0.992097712004
0.174866311906,0.992086240004
0.155215679714,0.992074768004
0.187931422217,0.992063296004
0.165955370051,0.992051824004
0.150220404999,0.992040352004
0.155383427376,0.992035552004
0.189546285706,0.992024080004
0.164187941664,0.992012608004
0.181186852997,0.992001136004
0.173240671758,0.991989664004
0.180186240507,0.991978192004
0.213112621512,0.991966720004
0.228935030401,0.991955248004
0.134561643464,0.991943776004
0.203061904309,0.991932304004
0.173632421294,0.991920832004
0.251776494789,0.991909360004
0.273002401432,0.991897888004
0.22028796873,0.991886560004
0.21416471128,0.991875088004
0.183780324453,0.991863616004
0.209005276104,0.991852144004
0.132001155115,0.991840672004
0.195915474862,0.991829200004
0.181321545014,0.991817728004
0.146642955324,0.991806256004
0.166740837926,0.991794784004
0.124857914591,0.991783312004
0.166690956628,0.991772992004
0.233355484968,0.991764640004
0.161002645961,0.991756624004
0.169393628242,0.991745152004
0.213759602607,0.991735168004
0.251176964565,0.991723696004
0.20555994776,0.991712224004
0.160472234184,0.991700752004
0.175561601861,0.991689280004
0.168632354314,0.991677808004
0.157403191216,0.991666336004
0.202243941921,0.991662928004
0.232964558867,0.991651456004
0.264176691858,0.991646464004
0.226791095713,0.991634992004
0.211440960025,0.991623520004
0.176372152546,0.991618960004
0.175632139765,0.991607488004
0.218432502502,0.991596016004
0.229944317476,0.991584544004
0.172139296772,0.991580560004
0.210359456751,0.991569088004
0.226927113295,0.991558288004
0.172032758701,0.991556128004
0.244141342645,0.991544656004
0.20096933777,0.991533184004
0.221215543957,0.991521712004
0.211229450037,0.991510240004
0.144610971914,0.991498768004
0.158926891371,0.991487296004
0.167350888212,0.991475824004
0.215706044914,0.991470496004
0.175696270717,0.991459024004
0.208164693591,0.991447552005
0.132386717338,0.991440016005
0.178436066827,0.991428544005
0.126752102031,0.991417072005
0.181838532367,0.991405600005
0.133441257815,0.991394128005
0.18430354198,0.991382656005
0.18888495527,0.991371184005
0.22977595254,0.991360816005
0.221741086452,0.991349344005
0.164702056961,0.991337872005
0.146367931065,0.991326400005
0.180068544638,0.991314928005
0.187324714387,0.991303456005
0.178879250457,0.991291984005
0.142332595887,0.991280512005
0.162547753301,0.991269040005
0.147143257335,0.991257568005
0.156210957164,0.991246096005
0.162620144007,0.991234624005
0.154625601489,0.991224400005
0.127067900397,0.991212928005
0.221434419267,0.991201456005
0.186292946001,0.991199392005
0.170494388822,0.991187920005
0.17010412953,0.991183936005
0.187086892254,0.991172464005
0.109474648096,0.991160992005
0.144890490188,0.991149520005
0.164697410706,0.991138048005
0.215081516204,0.991126576005
0.169275603746,0.991115104005
0.211148854498,0.991103632005
0.210561862959,0.991092160005
0.161713409036,0.991080688005
0.219277362669,0.991069216005
0.197860241202,0.991057744005
0.2266947758,0.991046272005
0.150313988868,0.991034800005
0.205892694246,0.991023328005
0.215262380575,0.991011856005
0.236735505785,0.991000384005
0.21530366628,0.990988912005
0.199002760906,0.990977440005
0.17711590338,0.990965968005
0.181694389716,0.990954496005
0.276061853826,0.990948304005
0.182848167976,0.990936832005
0.207552093261,0.990925360005
0.210187184635,0.990913888005
0.179135233682,0.990902416005
0.229824712376,0.990892528005
0.215130201798,0.990881056005
0.188542185822,0.990869584005
0.24698254714,0.990858112005
0.199972187925,0.990846640005
0.205319239717,0.990835168005
0.146877627327,0.990831088005
0.214252330622,0.990819616005
0.143406202263,0.990808144005
0.160946691541,0.990796672005
0.210646123684,0.990785200005
0.173632092141,0.990773728005
0.162172894833,0.990772672005
0.24289347484,0.990761296005
0.232945230763,0.990749824005
0.165476283607,0.990738352005
0.240719661139,0.990726880005
0.13886206469,0.990715408005
0.228853909502,0.990703936005
0.226810703893,0.990692464005
0.164600509627,0.990680992005
0.181271552527,0.990672784005
0.278824470475,0.990661312005
0.22103404718,0.990649840005
0.227805075291,0.990638368005
0.192490629965,0.990626896005
0.210562495862,0.990615424005
0.202786583359,0.990603952005
0.248633661823,0.990592480005
0.21594528534,0.990581008005
0.185748240226,0.990569536005
0.196133483469,0.990558064005
0.185706428265,0.990546592005
0.205052746636,0.990535120005
0.214249161941,0.990523648005
0.166440771677,0.990512176005
0.218912633104,0.990500704005
0.166160726378,0.990489232005
0.180355253623,0.990477760005
0.192418913311,0.990466288005
0.171719039195,0.990454816005
0.199746374423,0.990443440005
0.201965909431,0.990431968005
0.188674009239,0.990420496005
0.145250122165,0.990409888005
0.254021648437,0.990407248005
0.180062363942,0.990395776005
0.190362419856,0.990389584005
0.174310914346,0.990378112005
0.164307046708,0.990366640005
0.222748676366,0.990355168005
0.211193505059,0.990343696005
0.236841128168,0.990332224005
0.176975499426,0.990320752005
0.230190686887,0.990309280005
0.219273898161,0.990306928005
0.221862346476,0.990295456005
0.212975863312,0.990283984005
0.199891860925,0.990272512005
0.187415513065,0.990261040005
0.230908360947,0.990249568005
0.17912338002,0.990238096005
0.158351703543,0.990226624005
0.245814921745,0.990215152005
0.192008151089,0.990203680005
0.238800319585,0.990192208005
0.154704458684,0.990188272005
0.190574586778,0.990176800005
0.229163509221,0.990165328005
0.193367586476,0.990153856005
0.192975198197,0.990142384005
0.210199547804,0.990130912005
0.225132050446,0.990119440005
0.202337233172,0.990107968005
0.220035988745,0.990096496005
0.100299860259,0.990093760005
0.183534326346,0.990082288005
0.205894000256,0.990070816005
0.191778044488,0.990059344005
0.214587912116,0.990050656005
0.176442070037,0.990039184005
0.193865391469,0.990027712005
0.187367193914,0.990020608005
0.17831610089,0.990009136005
0.201205684249,0.989997664005
0.167064496297,0.989986192005
0.225995589407,0.989982688005
0.250099617008,0.989971216005
0.20951713485,0.989959744005
0.214360796122,0.989948272005
0.26247001495,0.989942128005
0.180951969837,0.989930656005
0.188146792554,0.989919184005
0.16407421846,0.989907712005
0.215375503084,0.989896240005
0.145586368542,0.989884768005
0.249827364072,0.989873296005
0.190933161028,0.989861824005
0.187856833778,0.989850352005
0.22745695622,0.989838880005
0.16997556983,0.989827408005
0.200859830605,0.989815936005
0.233536574894,0.989804464005
0.190719663484,0.989792992005
0.170315809586,0.989781520005
0.216893301512,0.989770048005
0.247737608125,0.989764480005
0.197632565912,0.989758480005
0.221187453598,0.989747008005
0.213861990015,0.989735536005
0.161661453403,0.989724064005
0.241063600547,0.989712592005
0.172864824143,0.989701120005
0.189291821619,0.989689648005
0.135488973224,0.989681488005
0.182963298842,0.989670016005
0.204321732544,0.989658544005
0.238157029032,0.989647072005
0.17011618843,0.989635600005
0.183026593696,0.989624128005
0.214764835745,0.989612656005
0.177801869312,0.989601184005
0.235595463389,0.989589712005
0.187300577902,0.989578240005
0.189134519344,0.989566768005
0.202806656622,0.989555296005
0.131673269987,0.989546416006
0.208575805028,0.989534944006
0.236472327009,0.989523472006
0.231600633012,0.989512000006
0.237176532289,0.989500528006
0.196422472604,0.989489056006
0.228465008466,0.989477584006
0.184248169637,0.989474320006
0.190598716422,0.989462848006
0.209790489976,0.989451376006
0.207744746334,0.989439904006
0.21544952801,0.989428432006
0.17197627526,0.989424736006
0.185731133864,0.989415904006
0.169426330634,0.989404432006
0.212542267595,0.989392960006
0.23651862026,0.989381488006
0.215604194971,0.989370016006
0.212361777533,0.989358736006
0.149658700024,0.989347264006
0.178158857985,0.989335792006
0.161543268208,0.989324320006
0.221833380595,0.989312848006
0.166460419738,0.989301376006
0.210302971869,0.989289904006
0.18310117609,0.989278432006
0.210395828787,0.989266960006
0.424817126251,0.989265616006
0.29409045921,0.989254144006
0.246279026885,0.989242672006
0.196157707828,0.989231200006
0.21772599147,0.989225104006
0.218395762216,0.989213632006
0.182799812933,0.989202160006
0.209229354722,0.989190688006
0.217057848959,0.989182624006
0.223251608414,0.989171152006
0.185234150909,0.989159680006
0.141086893929,0.989156608006
0.170052665771,0.989145136006
0.191385851113,0.989133664006
0.217964511513,0.989122192006
0.20244180248,0.989110720006
0.239746910603,0.989099248006
0.202449736292,0.989087776006
0.208249124427,0.989076304006
0.173993663006,0.989064832006
0.21158222752,0.989053360006
0.256156940284,0.989047360006
0.23688186037,0.989035888006
0.187768658021,0.989024416006
0.186722537694,0.989018224006
0.160145234232,0.989006752006
0.243352687544,0.988995280006
0.23953079031,0.988983808006
0.205345772038,0.988972336006
0.139928943802,0.988960864006
0.212550164584,0.988949392006
0.215842594859,0.988937920006
0.215942582414,0.988926448006
0.175662553777,0.988914976006
0.208168042101,0.988907680006
0.248006093649,0.988896208006
0.203839418297,0.988884736006
0.216883903593,0.988873264006
0.206341124105,0.988861792006
0.23117675465,0.988850320006
0.238854545991,0.988838848006
0.155805529665,0.988827376006
0.1916704051,0.988816432006
0.20994518288,0.988804960006
0.197581845143,0.988793488006
0.226622303667,0.988782016006
0.196427670709,0.988770544006
0.148347270903,0.988759072006
0.198164715708,0.988747600006
0.250027367697,0.988736128006
0.210315932832,0.988724656006
0.222364041559,0.988713184006
0.218370268391,0.988701712006
0.239103878604,0.988690240006
0.20635632896,0.988678768006
0.191234009357,0.988667296006
0.206642469783,0.988655824006
0.212100778781,0.988644352006
0.259010026681,0.988632880006
0.203228130373,0.988621408006
0.131805736453,0.988609936006
0.214193110683,0.988605136006
0.181988251259,0.988593664006
0.232727958429,0.988582192006
0.242490804378,0.988570720006
0.199327682304,0.988559248006
0.200034639717,0.988547776006
0.167315506931,0.988537408006
0.252074357328,0.988535728006
0.214549482436,0.988524256006
0.196678073235,0.988512784006
0.179380595095,0.988501312006
0.202321670364,0.988489840006
0.218084699837,0.988478368006
0.255137213324,0.988466896006
0.211531079506,0.988455424006
0.16306141511,0.988443952006
0.185725621082,0.988432480006
0.213406138713,0.988421008006
0.249553399036,0.988418080006
0.207465570202,0.988406608006
0.246514643998,0.988395136006
0.221612357658,0.988383664006
0.187733218465,0.988372192006
0.220301415937,0.988360720006
0.169033007437,0.988349248006
0.215701950514,0.988337776006
0.206125239436,0.988326304006
0.222271465064,0.988314832006
0.188688740193,0.988303360006
0.23249996534,0.988291888006
0.202630577536,0.988280416006
0.197990104938,0.988268944006
0.213141129363,0.988257472006
0.213491429061,0.988246000006
0.196073158507,0.988234528006
0.177586747577,0.988232272006
0.195289537512,0.988220800006
0.315950830449,0.988219792006
0.236431021708,0.988208320006
0.227981928032,0.988196848006
0.181895552157,0.988185376006
0.135286182807,0.988178560006
0.261095673624,0.988167088006
0.183307986413,0.988155616006
0.197419727272,0.988144144006
0.222454556573,0.988132672006
0.247794852749,0.988121200006
0.203140597398,0.988109728006
0.260979790392,0.988108912006
0.305376951852,0.988103056006
0.172038290048,0.988095376006
0.167981747788,0.988091296006
0.201708611714,0.988079824006
0.206362881114,0.988068352006
0.208324661325,0.988056880006
0.246305795181,0.988045408006
0.241085061711,0.988035856006
0.17174778788,0.988024384006
0.190622493878,0.988012912006
0.231208551343,0.988001440006
0.26336362773,0.987989968006
0.255051686225,0.987978496006
0.233024070147,0.987967024006
0.211899369373,0.987956128006
0.190754316777,0.987944656006
0.177459249115,0.987933184006
0.205055937349,0.987921712006
0.157673030942,0.987910240006
0.21958402877,0.987898768006
0.206572035649,0.987887296006
0.189945444899,0.987878032006
0.218406805124,0.987866560006
0.21813990669,0.987855088006
0.226383816028,0.987843616006
0.213824943129,0.987832144006
0.179519312222,0.987820672006
0.197137976476,0.987814144006
0.210569971262,0.987802672006
0.221844708189,0.987791200006
0.199721044362,0.987779728006
0.229978326749,0.987768256006
0.153673572681,0.987756784006
0.24335436148,0.987745312006
0.18060409758,0.987735664006
0.238659957325,0.987724192006
0.201301594663,0.987712720006
0.204372408924,0.987701248006
0.219536501113,0.987689776006
0.251213912886,0.987678304006
0.157061194014,0.987666832006
0.227200871639,0.987655360006
0.0987806970334,0.987654400006
0.211404004024,0.987642928007
0.214761262306,0.987631456007
0.193919800932,0.987619984007
0.141993204121,0.987618544007
0.234906083189,0.987614464007
0.21075320739,0.987602992007
0.278273455107,0.987591520007
0.223144004257,0.987580048007
0.20829362621,0.987568576007
0.188430256991,0.987557872007
0.192945026857,0.987546400007
0.249964270247,0.987534928007
0.193624196245,0.987523456007
0.206743583177,0.987511984007
0.24172422019,0.987500512007
0.219298327535,0.987489040007
0.180899431899,0.987477904007
0.220725099924,0.987466432007
0.258362827534,0.987454960007
0.183680346397,0.987443488007
0.198023647352,0.987432016007
0.229739753226,0.987420544007
0.173260811078,0.987409072007
0.240127486499,0.987398176007
0.19368428435,0.987386704007
0.215215179039,0.987375232007
0.16967944962,0.987363760007
0.237049725015,0.987352288007
0.225164514748,0.987340816007
0.193598390526,0.987329344007
0.243899298046,0.987317872007
0.235863488763,0.987306400007
0.194342042614,0.987294928007
0.205541607927,0.987287728007
0.211032895408,0.987277936007
0.207196722687,0.987266464007
0.247020149103,0.987260944007
0.265770000335,0.987249472007
0.184986378963,0.987238000007
0.224137671956,0.987226528007
0.27841941643,0.987215056007
0.185923712745,0.987203584007
0.199630004212,0.987192112007
0.168800582702,0.987189184007
0.18845291407,0.987177712007
0.209818277387,0.987171088007
0.238892785998,0.987159616007
0.281607892088,0.987148144007
0.222286919581,0.987136672007
0.226581806681,0.987125200007
0.248005990765,0.987115984007
0.210193765128,0.987104512007
0.226160945426,0.987100288007
0.216942560888,0.987088816007
0.227202553041,0.987077344007
0.245370209651,0.987065872007
0.213553713512,0.987054400007
0.192757299461,0.987042928007
0.199887853903,0.987031456007
0.281132561424,0.987019984007
0.193746286234,0.987014416007
0.216379103076,0.987002944007
0.24742697088,0.986991472007
0.265820282841,0.986980000007
0.239536639625,0.986968528007
0.200449589188,0.986959360007
0.186624660956,0.986947888007
0.243232662283,0.986936416007
0.197138240935,0.986924944007
0.180764981953,0.986913472007
0.183467336897,0.986908240007
0.222441028783,0.986896768007
0.180810350964,0.986885296007
0.193443099615,0.986873824007
0.241485461859,0.986862352007
0.229536423183,0.986850880007
0.232529393046,0.986839408007
0.212734061556,0.986827936007
0.274417139363,0.986816464007
0.204377708059,0.986804992007
0.215162726676,0.986793520007
0.197211947007,0.986782048007
0.206481839727,0.986779504007
0.203248932697,0.986768032007
0.25611232114,0.986756560007
0.227471245785,0.986745088007
0.208889031862,0.986733616007
0.294870158413,0.986727904007
0.251309906576,0.986716432007
0.241024213454,0.986704960007
0.217934047699,0.986693488007
0.212018745664,0.986682016007
0.174698483626,0.986670544007
0.173725404208,0.986659072007
0.177480448837,0.986647600007
0.190083759663,0.986642320007
0.213300375672,0.986630848007
0.235320439428,0.986619376007
0.282923818318,0.986617936007
0.231193345784,0.986608720007
0.222843009443,0.986597248007
0.317535586421,0.986585776007
0.224140282752,0.986577904007
0.243641961755,0.986566432007
0.259803622878,0.986554960007
0.336068675916,0.986554288007
0.229345196769,0.986542816007
0.198433819589,0.986531344007
0.224968414339,0.986519872007
0.189655906257,0.986508400007
0.257715814041,0.986500864007
0.219407548363,0.986489392007
0.256675619112,0.986477920007
0.213019023754,0.986466448007
0.209802121939,0.986454976007
0.292333862873,0.986443504007
0.24706324693,0.986436256007
0.243944698156,0.986425744007
0.189627771016,0.986422960007
0.272573126718,0.986411488007
0.187695029996,0.986404576007
0.225515545571,0.986394400007
0.232923553874,0.986382928007
0.224988520839,0.986371456007
0.217154151008,0.986359984007
0.243103154781,0.986351056007
0.260626919534,0.986341072007
0.204405666721,0.986329600007
0.243380433047,0.986320768007
0.185184476636,0.986309296007
0.245291498908,0.986297824007
0.210011451252,0.986286352007
0.227534940486,0.986274880007
0.210763682943,0.986263408007
0.177803497208,0.986251936007
0.178957159305,0.986240464007
0.210099068387,0.986228992007
0.211504702767,0.986217520007
0.228448623725,0.986206048007
0.211005848373,0.986194576007
0.242809773888,0.986183104007
0.21792714497,0.986171632007
0.156950252553,0.986169424007
0.21654919409,0.986157952007
0.239638819963,0.986146480007
0.209984935619,0.986135008007
0.240407617686,0.986123536007
0.289264652533,0.986112064007
0.155594005691,0.986108992007
0.252526643321,0.986097520007
0.201701708603,0.986086048007
0.218654780524,0.986074576007
0.210587115606,0.986063104007
0.23134502298,0.986057056007
0.267634987112,0.986045584007
0.251576509638,0.986034112007
0.230329824577,0.986022640007
0.240946284769,0.986011168007
0.235277077185,0.985999696007
0.253697718349,0.985988224007
0.191365093633,0.985976752007
0.200163670203,0.985968256007
0.243652652952,0.985956784007
0.205864699325,0.985952032007
0.213666115556,0.985940560007
0.220914818838,0.985929088007
0.226057280835,0.985917616007
0.165229351579,0.985906144007
0.200090292066,0.985894672007
0.235623306278,0.985883200007
0.214129374025,0.985871728007
0.259381759022,0.985862368007
0.215800894842,0.985850896007
0.184075670698,0.985841104007
0.22962425928,0.985829632007
0.277205318975,0.985818160007
0.163246783343,0.985806688007
0.263438675536,0.985795216007
0.23687167809,0.985783744007
0.235817505593,0.985772272007
0.223995175623,0.985767616007
0.233766467914,0.985756144007
0.20641512748,0.985747504008
0.219583897755,0.985736032008
0.229501077456,0.985724560008
0.208056049838,0.985713088008
0.214025615885,0.985701616008
0.209534524216,0.985690144008
0.214305651971,0.985678672008
0.263738391929,0.985667200008
0.222436844118,0.985658752008
0.225499207433,0.985647280008
0.284032860466,0.985635808008
0.245910876221,0.985624336008
0.256392853991,0.985612864008
0.200976580354,0.985601392008
0.287797422862,0.985589920008
0.278878432505,0.985578448008
0.229797507848,0.985572880008
0.236396087755,0.985561408008
0.225173405631,0.985549936008
0.210333830685,0.985538464008
0.220915498912,0.985526992008
0.168134846367,0.985515520008
0.194209671881,0.985504048008
0.244155374637,0.985496896008
0.211979144718,0.985485424008
0.201144441585,0.985473952008
0.254212205903,0.985462480008
0.219875646795,0.985451008008
0.265345218579,0.985439536008
0.238650223675,0.985428064008
0.247647415158,0.985416592008
0.214960651378,0.985409200008
0.248383917189,0.985397728008
0.216558033958,0.985386256008
0.250101336817,0.985374784008
0.226298150471,0.985369072008
0.22004799751,0.985357600008
0.204167824885,0.985346128008
0.205736803283,0.985334656008
0.203639225744,0.985323184008
0.251316894787,0.985319632008
0.247963942303,0.985308160008
0.217776071754,0.985296688008
0.245299356258,0.985285216008
0.196333661874,0.985273744008
0.187148460511,0.985265248008
0.256734569702,0.985253776008
0.231577226384,0.985242304008
0.235859615472,0.985230832008
0.273891855431,0.985219360008
0.244355494961,0.985207888008
0.224481295112,0.985196416008
0.239346646345,0.985184944008
0.277449321452,0.985173472008
0.28890301294,0.985162000008
0.230610964918,0.985150528008
0.155123163908,0.985149232008
0.251455541138,0.985137760008
0.226819488836,0.985126288008
0.214066402299,0.985114816008
0.271977625611,0.985103344008
0.26588954356,0.985091872008
0.236155784888,0.985080400008
0.186333100611,0.985069312008
0.298868829568,0.985057840008
0.199555703583,0.985046368008
0.232309650161,0.985034896008
0.229990310752,0.985023424008
0.229886537208,0.985011952008
0.23845602172,0.985000480008
0.18499067056,0.984989008008
0.252904927086,0.984977536008
0.253807374773,0.984966064008
0.244161868455,0.984954592008
0.262584744092,0.984943120008
0.223040111916,0.984931648008
0.250604939601,0.984920176008
0.206706042735,0.984908704008
0.172343385618,0.984897232008
0.239198331678,0.984885760008
0.237810708918,0.984874288008
0.221050624106,0.984862816008
0.264910298534,0.984851344008
0.231974400908,0.984839872008
0.293471949452,0.984830416008
0.303752378933,0.984827872008
0.257546537777,0.984816400008
0.262315765921,0.984804928008
0.192515995659,0.984793456008
0.222995665119,0.984781984008
0.246062193979,0.984777280008
0.245457463169,0.984765808008
0.249897665227,0.984754336008
0.169852841087,0.984754000008
0.232937474603,0.984742528008
0.242208510173,0.984731056008
0.222753142028,0.984719584008
0.255135033485,0.984708112008
0.272210959489,0.984696640008
0.228482735869,0.984685168008
0.236968498828,0.984673696008
0.254332409329,0.984662224008
0.188665932237,0.984650752008
0.2128823776,0.984639280008
0.211548040855,0.984627808008
0.22114864255,0.984616336008
0.223530630184,0.984616288008
0.244278651254,0.984604816008
0.1994188064,0.984601360008
0.25182814521,0.984589888008
0.220962906097,0.984578416008
0.20239590729,0.984566944008
0.255753881565,0.984555472008
0.262181559922,0.984544000008
0.231776330726,0.984532528008
0.291374060705,0.984521056008
0.305983858603,0.984519760008
0.274008538182,0.984508288008
0.234572322114,0.984496816008
0.189038850982,0.984485344008
0.215307244377,0.984473872008
0.239314464123,0.984462400008
0.211258934739,0.984450928008
0.268553183095,0.984442096008
0.250226849795,0.984430624008
0.198798307597,0.984419152008
0.257654721407,0.984407680008
0.279174674753,0.984396208008
0.233840616111,0.984387040008
0.274845213028,0.984375568008
0.224089972504,0.984365920008
0.228169723033,0.984354448008
0.210426120473,0.984342976008
0.246417633975,0.984331504008
0.237678950948,0.984322816008
0.223013357401,0.984311344008
0.231379022276,0.984299872008
0.194222229015,0.984288400008
0.228345222751,0.984276928008
0.218957350495,0.984265456008
0.214167177357,0.984258160008
0.230261150852,0.984246688008
0.299737327471,0.984239920008
0.203531783362,0.984228448008
0.276619121384,0.984216976008
0.212719396585,0.984205504008
0.322398492832,0.984194032008
0.259112527808,0.984182560008
0.219377655008,0.984179152008
0.239420331227,0.984167680008
0.280697439897,0.984156208008
0.1995885147,0.984156016008
0.206420205747,0.984146272008
0.222190105335,0.984134800008
0.200804038661,0.984132112008
0.22256343839,0.984120640008
0.237289342148,0.984109168008
0.286843602353,0.984097696008
0.23668465135,0.984086224008
0.248546407534,0.984074752008
0.144706177457,0.984073360008
0.214473102126,0.984061888008
0.214471325515,0.984050416008
0.204955957,0.984038944008
0.227836548875,0.984028096008
0.254255904967,0.984016624008
0.221611150905,0.984005152008
0.234516909632,0.983993680008
0.298475659333,0.983982208008
0.237820570769,0.983970736008
0.184376167421,0.983963632008
0.238035680505,0.983952160008
0.231679940456,0.983940688008
0.208823572551,0.983929216008
0.222561243266,0.983917744008
0.257966469576,0.983906272008
0.224436501975,0.983894800008
0.224979926639,0.983883328008
0.211748076036,0.983871856008
0.203031962828,0.983860384008
0.251292930641,0.983848912009
0.258275953361,0.983837440009
0.295840525743,0.983825968009
0.220572357399,0.983814496009
0.200871876207,0.983803024009
0.252710945267,0.983791552009
0.222415625954,0.983780080009
0.229237595597,0.983768608009
0.236665233396,0.983757136009
0.295181218688,0.983745664009
0.227172970752,0.983734192009
0.271151115649,0.983722720009
0.237023045414,0.983711248009
0.27678136372,0.983699776009
0.252353568605,0.983695552009
0.222610039184,0.983684080009
0.255677051503,0.983672608009
0.27154794996,0.983661136009
0.259261126351,0.983649664009
0.234631644895,0.983638192009
0.306688949125,0.983634832009
0.254638573479,0.983623360009
0.219405573079,0.983611888009
0.250367957427,0.983600416009
0.214998572882,0.983588944009
0.214824065572,0.983577472009
0.228641526129,0.983566000009
0.238027988627,0.983560144009
0.2353765234,0.983548672009
0.227808056971,0.983537200009
0.222565665427,0.983525728009
0.224697599949,0.983514256009
0.280192505941,0.983502784009
0.246136890997,0.983491312009
0.256384876162,0.983486848009
0.214150094997,0.983475376009
0.265212485945,0.983470624009
0.167723455888,0.983459152009
0.238770674489,0.983447680009
0.262872819659,0.983438560009
0.224300690097,0.983427088009
0.243854256243,0.983415616009
0.199475030705,0.983404144009
0.224983642622,0.983394592009
0.310571151668,0.983393008009
0.203421871834,0.983381536009
0.193055921928,0.983370064009
0.237386512617,0.983358736009
0.244813912837,0.983347264009
0.239014493822,0.983335792009
0.232335657176,0.983325856009
0.213736907061,0.983321440009
0.243420207219,0.983309968009
0.248273202831,0.983306800009
0.229601319078,0.983295328009
0.236095886272,0.983283856009
0.243759584295,0.983272384009
0.201318499727,0.983260912009
0.167427723888,0.983249440009
0.220706290015,0.983237968009
0.193840726125,0.983230240009
0.227192140958,0.983218768009
0.246899914741,0.983207296009
0.245821901694,0.983195824009
0.230424678553,0.983184352009
0.24677728467,0.983172880009
0.213811294865,0.983161408009
0.206140635864,0.983149936009
0.202234489049,0.983138464009
0.210640869204,0.983126992009
0.292986560308,0.983125408009
0.234526624154,0.983113936009
0.265974325403,0.983102464009
0.21394161501,0.983090992009
0.246566983743,0.983079520009
0.264796193694,0.983068048009
0.278435122191,0.983056576009
0.225272725652,0.983045104009
0.206481226991,0.983033632009
0.252509272134,0.983022160009
0.258965771512,0.983010688009
0.270902827478,0.982999216009
0.235793572894,0.982987744009
0.242943054753,0.982976272009
0.229625641974,0.982964800009
0.186267688111,0.982953328009
0.195832747558,0.982941856009
0.230519188397,0.982935472009
0.182968465441,0.982924000009
0.221707899426,0.982912528009
0.25375538931,0.982909840009
0.208915104058,0.982898368009
0.220329738629,0.982886896009
0.201385786405,0.982875424009
0.175332495364,0.982863952009
0.205034441683,0.982855504009
0.216211419906,0.982844032009
0.243165077177,0.982832560009
0.272316846835,0.982821088009
0.218724612477,0.982809616009
0.229356679105,0.982798144009
0.197563081495,0.982786672009
0.226769703051,0.982775200009
0.231798559895,0.982763728009
0.221566413644,0.982752256009
0.288909395469,0.982740784009
0.2315331691,0.982729312009
0.236048594994,0.982717840009
0.225507850912,0.982706368009
0.242578794089,0.982694896009
0.279339201254,0.982683424009
0.224312623511,0.982671952009
0.254832276543,0.982660480009
0.345531103557,0.982659376009
0.289312754442,0.982647904009
0.234425142534,0.982636432009
0.22851257418,0.982624960009
0.365067749832,0.982624432009
0.263034462574,0.982612960009
0.280035209705,0.982610704009
0.263593338187,0.982599232009
0.231364280567,0.982587760009
0.205660777776,0.982576288009
0.219962077951,0.982564816009
0.241178863466,0.982553344009
0.197210109346,0.982541872009
0.238551631767,0.982530400009
0.22428201001,0.982522432009
0.24070200519,0.982517968009
0.248300730415,0.982511488009
0.257460262788,0.982500016009
0.249671857924,0.982494352009
0.226744283891,0.982482880009
0.230097171694,0.982475056009
0.300205626538,0.982463584009
0.243545827414,0.982458112009
0.267683362392,0.982450480009
0.249101485377,0.982439008009
0.205248125874,0.982427536009
0.247832811152,0.982416064009
0.263506021506,0.982404592009
0.2310589026,0.982393120009
0.24118635322,0.982381648009
0.263904037298,0.982370176009
0.213546494644,0.982358704009
0.245516071376,0.982347232009
0.236984586404,0.982335760009
0.276995445279,0.982324288009
0.232696326289,0.982315936009
0.240267049444,0.982304464009
0.27703383569,0.982292992009
0.260607359893,0.982281520009
0.234361380226,0.982270048009
0.240963876674,0.982258576009
0.272629276382,0.982255408009
0.314117523973,0.982243936009
0.232377440575,0.982232464009
0.290886618663,0.982220992009
0.262604602536,0.982209520009
0.259683982651,0.982207984009
0.224158418058,0.982196512009
0.291996017609,0.982185040009
0.282105027696,0.982180912009
0.258514071518,0.982176016009
0.225182517373,0.982164544009
0.232879138322,0.982153072009
0.223737376841,0.982146688009
0.275971331977,0.982142416009
0.233104276532,0.982130944009
0.309993275574,0.982127440009
0.258467415105,0.982117312009
0.245805433163,0.982105840009
0.263743502608,0.982094368009
0.232835079164,0.982082896009
0.291944027075,0.982071424009
0.209100149515,0.982059952009
0.272382445275,0.982048480009
0.237385504082,0.982037008009
0.299899640827,0.982025536009
0.231570602868,0.982014064009
0.25346322117,0.982002592009
0.216163619078,0.981992176009
0.18738620248,0.981980704009
0.231148051478,0.981969232009
0.23124856081,0.981957760009
0.257349923105,0.98194628801
0.204007417639,0.98193481601
0.251924637467,0.98192334401
0.203101068312,0.98191187201
0.291787952333,0.98190040001
0.198822797187,0.98188892801
0.214513753631,0.98188350401
0.225015588967,0.98187203201
0.221910583673,0.98186056001
0.238028730554,0.98184908801
0.265672373593,0.98183761601
0.271217010747,0.98182614401
0.248034908965,0.98181467201
0.211651379384,0.98180320001
0.299853738427,0.98179172801
0.289953436918,0.98178025601
0.209238658951,0.98177440001
0.28559577232,0.98176292801
0.287086801927,0.98175145601
0.235226388318,0.98173998401
0.220276851532,0.98172851201
0.268038212274,0.98171704001
0.248567244819,0.98170556801
0.201526948715,0.98169409601
0.295235872754,0.98168262401
0.286747045229,0.98167115201
0.225157444791,0.98165968001
0.22374748834,0.98164820801
0.210628913439,0.98164456001
0.290680282912,0.98163731201
0.235559267308,0.98162838401
0.265029544441,0.98162200001
0.222607301202,0.98161052801
0.235204995131,0.98160284801
0.208308928234,0.98159137601
0.222078424693,0.98157990401
0.315749445464,0.98156843201
0.282206693991,0.98155696001
0.266859424877,0.98154548801
0.260964059741,0.98153401601
0.232797076668,0.98152254401
0.215106438539,0.98151107201
0.216313123633,0.98149960001
0.259184609913,0.98148812801
0.204916047908,0.98147665601
0.22299939352,0.98146518401
0.316542813883,0.98145707201
0.248006361552,0.98145342401
0.219831215778,0.98144195201
0.266844756285,0.98143048001
0.301260077487,0.98141900801
0.279975009233,0.98140753601
0.270668513476,0.98139606401
0.255352423841,0.98138459201
0.328558409258,0.98137312001
0.247299506381,0.98136164801
0.287242999347,0.98135017601
0.303613035307,0.98133870401
0.299548597612,0.98132723201
0.307351453544,0.98131576001
0.296772854834,0.98130428801
0.353177644978,0.98129281601
0.399950697326,0.98129070401
0.272494530057,0.98127923201
0.276317470862,0.98127208001
0.230335425771,0.98126060801
0.267195398492,0.98124913601
0.203633331074,0.98124769601
0.230906384721,0.98123622401
0.209895284757,0.98122475201
0.269714063268,0.98121328001
0.266305367883,0.98120180801
0.271960890901,0.98119033601
0.196128305885,0.98117886401
0.300066460604,0.98117310401
0.273176053599,0.98116163201
0.211516045671,0.98115016001
0.194027854484,0.98114584001
0.237303561836,0.98113436801
0.251996932404,0.98112289601
0.19572800685,0.98111142401
0.335664339223,0.98110336001
0.251416539343,0.98109188801
0.207213299768,0.98108041601
0.242376649826,0.98106894401
0.276176871114,0.98105747201
0.230424667387,0.98104600001
0.290530607949,0.98103452801
0.297066977626,0.98102430401
0.283581406739,0.98101283201
0.276859995106,0.98100136001
0.280100310883,0.98098988801
0.270664116849,0.98097841601
0.194095410359,0.98096987201
0.25287515109,0.98095840001
0.190129439333,0.98094692801
0.308788714081,0.98093545601
0.25837752558,0.98092398401
0.258733133522,0.98092177601
0.255476232288,0.98091030401
0.296005537283,0.98089883201
0.299830275345,0.98088736001
0.21817205147,0.98087588801
0.278600384795,0.98086441601
0.251306217648,0.98085294401
0.248556267577,0.98084195201
0.251360593008,0.98083048001
0.301798928242,0.98081900801
0.212252587976,0.98080753601
0.301423834554,0.98079606401
0.3352648519,0.98078459201
0.237726850334,0.98077312001
0.252951839917,0.98076164801
0.267193474465,0.98075017601
0.24030633598,0.98073870401
0.266138792163,0.98072723201
0.250869716407,0.98071576001
0.270488769703,0.98070428801
0.260688133029,0.98069300801
0.231274486996,0.98068153601
0.242688385109,0.98067006401
0.31403570519,0.98065859201
0.305045727479,0.98064961601
0.273494308543,0.98063814401
0.211724527493,0.98062667201
0.232738046836,0.98061520001
0.272963904788,0.98060372801
0.249424309249,0.98059225601
0.250419876966,0.98058078401
0.239739244286,0.98056931201
0.231230971951,0.98055784001
0.278858305962,0.98055332801
0.247746450897,0.98054185601
0.286271286864,0.98053038401
0.252227554062,0.98051891201
0.285533844232,0.98050744001
0.218696505954,0.98049596801
0.202904709751,0.98048449601
0.246946069723,0.98047840001
0.223596092165,0.98046692801
0.25827712206,0.98045545601
0.262198995012,0.98044398401
0.255491177864,0.98043251201
0.242345405359,0.98042104001
0.294397250156,0.98040956801
0.208327366893,0.98039809601
0.252223086938,0.98039377601
0.287054294546,0.98038230401
0.339726019132,0.98037083201
0.234824009771,0.98035936001
0.207984906889,0.98035288001
0.231035910384,0.98034140801
0.286910390086,0.98032993601
0.278492199969,0.98031846401
0.270051307144,0.98030699201
0.330638944452,0.98029552001
0.240867817436,0.98028404801
0.229600548787,0.98027257601
0.248242049245,0.98026110401
0.273724601404,0.98024963201
0.208557571175,0.98023816001
0.260851986778,0.98022668801
0.285014447546,0.98021521601
0.190925130928,0.98020374401
0.27550396693,0.98019227201
0.242928473728,0.98018900801
0.252824943326,0.98017753601
0.252355639791,0.98016932801
0.263533104805,0.98015785601
0.233497406863,0.98014638401
0.275972256732,0.98013548801
0.246407166138,0.98013040001
0.235741902811,0.98011892801
0.250680853476,0.98010745601
0.262239359182,0.98009814401
0.234610747981,0.98008667201
0.268540050212,0.98007520001
0.200063185895,0.98006372801
0.232209542912,0.98005225601
0.219214117021,0.980040784011
0.233307203854,0.980029312011
0.162753451646,0.980017840011
0.263593706165,0.980010016011
0.235651599242,0.979998544011
0.229281998583,0.979988800011
0.282516373918,0.979977328011
0.284289733385,0.979965856011
0.188976881522,0.979963696011
0.259764330402,0.979952224011
0.253173302725,0.979940752011
0.294699220108,0.979934272011
0.28627168301,0.979922800011
0.274331159724,0.979911328011
0.272686559952,0.979899856011
0.253810975108,0.979888384011
0.269193189566,0.979881952011
0.228822006013,0.979870480011
0.230662885962,0.979859008011
0.265429317856,0.979847536011
0.29000730581,0.979837552011
0.249515616158,0.979826080011
0.290553245968,0.979814608011
0.237407319396,0.979803136011
0.245557453535,0.979796560011
0.256671843944,0.979785088011
0.259259169792,0.979773616011
0.342838178008,0.979762144011
0.248668556622,0.979755568011
0.262766859868,0.979744096011
0.25432377781,0.979732624011
0.268118629331,0.979721152011
0.296295760169,0.979709680011
0.262560118902,0.979698208011
0.263381166978,0.979686736011
0.223675165731,0.979675264011
0.280920649004,0.979666192011
0.231110410209,0.979654720011
0.220049128143,0.979643248011
0.270413015147,0.979631776011
0.244090475397,0.979620304011
0.300847698141,0.979608832011
0.183204594013,0.979607056011
0.362628063732,0.979595584011
0.260445103052,0.979584112011
0.271898072795,0.979572640011
0.228914259606,0.979561168011
0.275449563449,0.979549696011
0.240472741845,0.979538224011
0.293798814728,0.979531504011
0.317533960144,0.979520032011
0.279060989042,0.979508560011
0.291882284078,0.979497088011
0.405924870699,0.979495168011
0.240202086875,0.979483696011
0.279484423407,0.979472224011
0.237122676842,0.979460752011
0.21244763148,0.979449280011
0.2866981887,0.979437808011
0.197654647654,0.979426336011
0.226782329297,0.979414864011
0.283953377771,0.979403392011
0.240143220546,0.979391920011
0.234534224914,0.979390960011
0.306065556552,0.979379488011
0.198721246229,0.979370560011
0.231185613935,0.979359088011
0.233482200412,0.979347616011
0.230804921395,0.979336144011
0.281491486961,0.979324672011
0.31995279412,0.979320352011
0.319348252332,0.979308880011
0.323435473176,0.979297408011
0.313758503138,0.979285936011
0.236376326809,0.979274464011
0.282127644124,0.979262992011
0.195300765737,0.979251760011
0.205479693549,0.979240288011
0.270470877903,0.979228816011
0.254751475396,0.979217344011
0.239856630609,0.979205872011
0.216063471535,0.979194400011
0.209341802048,0.979182928011
0.272225749808,0.979171456011
0.162346606592,0.979169536011
0.233538999711,0.979158064011
0.249182150456,0.979146592011
0.263876006295,0.979135120011
0.286224508707,0.979123648011
0.238828244154,0.979112176011
0.329811153125,0.979107856011
0.34712485237,0.979096384011
0.274754886023,0.979084912011
0.291886258965,0.979073440011
0.22316018717,0.979061968011
0.216334880709,0.979050496011
0.223087981644,0.979047136011
0.253922218301,0.979035664011
0.305482073502,0.979024192011
0.212680798803,0.979014160011
0.244723454761,0.979002688011
0.208905619538,0.978991216011
0.221168913149,0.978979744011
0.239697100429,0.978968272011
0.254216477289,0.978956800011
0.313669038553,0.978945328011
0.250590580598,0.978937024011
0.287019734104,0.978925552011
0.243521676213,0.978914080011
0.270618949295,0.978909376011
0.276721556413,0.978897904011
0.223490246832,0.978886432011
0.227936163625,0.978874960011
0.245952662678,0.978863488011
0.255394252892,0.978852016011
0.318653704291,0.978840544011
0.260954784445,0.978829072011
0.294208567296,0.978817936011
0.22914368641,0.978806464011
0.308927612072,0.978794992011
0.2784759792,0.978783520011
0.336069871253,0.978772048011
0.334846217929,0.978763552011
0.231392131527,0.978752752011
0.32423621514,0.978741280011
0.238160358829,0.978729808011
0.244322040128,0.978718336011
0.332667504299,0.978706864011
0.269763774883,0.978698704011
0.298544259153,0.978687232011
0.180271677257,0.978678832011
0.271949608857,0.978667360011
0.294279389464,0.978655888011
0.23040131778,0.978648592011
0.230824721437,0.978637120011
0.214979985347,0.978631600011
0.276514195282,0.978620128011
0.240977884354,0.978613984011
0.226796069649,0.978602512011
0.275033622994,0.978591040011
0.280714516554,0.978579568011
0.228359514937,0.978568096011
0.215878867655,0.978556624011
0.245484271946,0.978545152011
0.278155276002,0.978533680011
0.20233020411,0.978522208011
0.272635431262,0.978510736011
0.274400173924,0.978499264011
0.1615102775,0.978498112011
0.241990268381,0.978486640011
0.311367161548,0.978475168011
0.284355640271,0.978463696011
0.255852636127,0.978452224011
0.259680435238,0.978440752011
0.228104929276,0.978429280011
0.295317323378,0.978417808011
0.411713461598,0.978414064011
0.39709885907,0.978411280011
0.231588287625,0.978399808011
0.300370237562,0.978395440011
0.283819567595,0.978383968011
0.256715931469,0.978372496011
0.278062278503,0.978361024011
0.3425721685,0.978349552011
0.28524963901,0.978338080011
0.268689351897,0.978326608011
0.193878308636,0.978315136011
0.202298355599,0.978314464011
0.228449830439,0.978304096011
0.241348660656,0.978292624011
0.239741238458,0.978281152011
0.310412426461,0.978269680011
0.145745966239,0.978266368011
0.256301963576,0.978254896011
0.274691215256,0.978243424011
0.240274650296,0.978236512011
0.294132724256,0.978225040011
0.253931209118,0.978213568011
0.266503851696,0.978202096011
0.242621251003,0.978190624011
0.288186652725,0.978179152011
0.241430354269,0.978167680011
0.193614499744,0.978156208011
0.218442074254,0.978144736012
0.173408270516,0.978140512012
0.29008512042,0.978129040012
0.226616889557,0.978117568012
0.227753399324,0.978106096012
0.249339785917,0.978094624012
0.253414087775,0.978083152012
0.200585732905,0.978071680012
0.225520563551,0.978060208012
0.253488636068,0.978048736012
0.283961811009,0.978037264012
0.249891415183,0.978025792012
0.235010270299,0.978014320012
0.211259547621,0.978002848012
0.235626738848,0.977991376012
0.218775607,0.977979904012
0.266903518323,0.977968432012
0.256712791975,0.977956960012
0.233083723566,0.977945488012
0.30240701096,0.977935264012
0.225645940552,0.977930080012
0.250922797639,0.977918608012
0.276883938998,0.977907136012
0.215988601356,0.977895664012
